post_id,source,author,content,tags,sentiment_hint,timestamp
2495eeac-1812-4141-bac1-05a153733206,reddit,user_210,Analysts downgrade AMZN amid market uncertainty.,"['AMZN', 'bearish', 'analyst']",-0.77,2026-04-16T15:01:34.966546+00:00
344e5684-0ad2-49f6-be2f-39f30690cb52,bloomberg,user_207,GOOGL earnings beat expectations this quarter!,"['GOOGL', 'bullish', 'earnings']",0.56,2026-04-16T15:01:36.174110+00:00
e4e6a0d7-2e19-4e83-82a5-3b98f41438f3,twitter,user_299,GOOGL earnings beat expectations this quarter!,"['GOOGL', 'bullish', 'earnings']",0.84,2026-04-16T15:01:37.175344+00:00
d834b469-5c5c-4490-9412-a2a3c78bf969,techcrunch,user_131,Insider buying detected at MSFT.,"['MSFT', 'bullish', 'insider']",0.76,2026-04-16T15:01:38.176224+00:00
b836dc72-a0a5-4b56-8102-b0a2d7802b83,techcrunch,user_266,Insider buying detected at MSFT.,"['MSFT', 'bullish', 'insider']",0.88,2026-04-16T15:01:39.176654+00:00
058fe95a-47a2-4aaa-8cd0-5f0c3c787888,twitter,user_635,AMZN stock hits 52-week high.,"['AMZN', 'bullish', 'momentum']",0.74,2026-04-16T15:01:40.177163+00:00
4111d657-1094-4fa9-b41b-b722cb4c6fda,techcrunch,user_452,MSFT faces regulatory scrutiny in EU.,"['MSFT', 'bearish', 'regulation']",-0.86,2026-04-16T15:01:41.178240+00:00
943fbc2d-f2df-49fe-9397-355761265e25,twitter,user_889,CEO of MSFT steps down unexpectedly.,"['MSFT', 'bearish', 'management']",-0.44,2026-04-16T15:01:42.177976+00:00
7f1931c3-30c4-4008-b93e-2a063ca1e9f5,reddit,user_466,TSLA stock hits 52-week high.,"['TSLA', 'bullish', 'momentum']",0.8,2026-04-16T15:01:43.178981+00:00
f24f9baa-4c1f-4c92-bad5-25dd5bbf1cf0,twitter,user_512,GOOGL faces regulatory scrutiny in EU.,"['GOOGL', 'bearish', 'regulation']",-0.8,2026-04-16T15:01:44.179757+00:00
ed02ad82-9d3d-49b7-b04f-0f7807c12824,techcrunch,user_660,Analysts downgrade AAPL amid market uncertainty.,"['AAPL', 'bearish', 'analyst']",-0.76,2026-04-16T15:01:45.180738+00:00
74c3e2a9-ac1e-4dad-a533-cb35a35d438b,reddit,user_640,Strong demand drives GOOGL revenue growth.,"['GOOGL', 'bullish', 'revenue']",0.55,2026-04-16T15:01:46.181678+00:00
6f928e67-e74a-40aa-aca0-84b10452248d,reddit,user_887,Analysts downgrade TSLA amid market uncertainty.,"['TSLA', 'bearish', 'analyst']",-0.41,2026-04-16T15:01:47.182220+00:00
7be489bc-0206-48e8-b90a-9a2c3d766425,reddit,user_229,AMZN earnings beat expectations this quarter!,"['AMZN', 'bullish', 'earnings']",0.87,2026-04-16T15:01:48.183165+00:00
85623e49-c3bf-4b2a-bb3a-fedee7ab2836,twitter,user_906,MSFT faces regulatory scrutiny in EU.,"['MSFT', 'bearish', 'regulation']",-0.47,2026-04-16T15:01:49.183786+00:00
59a9a664-f10d-481f-88a8-188fd0788560,bloomberg,user_781,AMZN faces regulatory scrutiny in EU.,"['AMZN', 'bearish', 'regulation']",-0.77,2026-04-16T15:01:50.184856+00:00
dd1fe41e-4a8e-4026-9cb6-97d845fa20df,twitter,user_176,CEO of TSLA steps down unexpectedly.,"['TSLA', 'bearish', 'management']",-0.53,2026-04-16T15:01:51.185941+00:00
cd4e311f-675a-4c5d-b8c7-0673d3193276,reddit,user_163,Analysts downgrade MSFT amid market uncertainty.,"['MSFT', 'bearish', 'analyst']",-0.63,2026-04-16T15:01:52.186874+00:00
feda81d5-8ee7-4d88-8e5a-99c1c48ff2e5,twitter,user_585,Strong demand drives TSLA revenue growth.,"['TSLA', 'bullish', 'revenue']",0.67,2026-04-16T15:01:53.187462+00:00
3bd52119-12cb-4b5c-9d42-d2379dfe8b86,bloomberg,user_826,MSFT stock hits 52-week high.,"['MSFT', 'bullish', 'momentum']",0.39,2026-04-16T15:01:54.188509+00:00
a4d1d6a6-db12-4f10-bbbc-9922f35449c4,reddit,user_943,TSLA earnings beat expectations this quarter!,"['TSLA', 'bullish', 'earnings']",0.83,2026-04-16T15:01:55.189567+00:00
168bd594-bdac-4890-b99b-8cd6e1063624,techcrunch,user_445,TSLA faces regulatory scrutiny in EU.,"['TSLA', 'bearish', 'regulation']",-0.39,2026-04-16T15:01:56.190544+00:00
eb5b524d-84be-4d96-91da-feb9685f0fad,bloomberg,user_460,Strong demand drives AMZN revenue growth.,"['AMZN', 'bullish', 'revenue']",0.45,2026-04-16T15:01:57.191529+00:00
72976e29-ed8f-4ece-a844-20a89b99630f,bloomberg,user_359,Breaking: TSLA announces new product line.,"['TSLA', 'bullish', 'product']",0.56,2026-04-16T15:01:58.192442+00:00
89383a12-960d-4ddd-b577-1b652f2e4a1d,twitter,user_636,Insider buying detected at AAPL.,"['AAPL', 'bullish', 'insider']",0.42,2026-04-16T15:01:59.193152+00:00
541849c8-9c50-4297-abff-50f9580a38f3,bloomberg,user_722,Insider buying detected at AMZN.,"['AMZN', 'bullish', 'insider']",0.54,2026-04-16T15:02:00.194083+00:00
17053532-e6f1-43b6-96ed-30fe59178909,twitter,user_161,AMZN faces regulatory scrutiny in EU.,"['AMZN', 'bearish', 'regulation']",-0.78,2026-04-16T15:02:01.194915+00:00
96e5e110-b108-41c9-9b15-7793b8c5c8f9,twitter,user_114,Insider buying detected at MSFT.,"['MSFT', 'bullish', 'insider']",0.31,2026-04-16T15:02:02.195846+00:00
0617d4c3-3757-43a3-8716-d302151ae85a,reddit,user_709,CEO of AAPL steps down unexpectedly.,"['AAPL', 'bearish', 'management']",-0.67,2026-04-16T15:02:03.196768+00:00
f142061a-8fc0-41ec-a1fc-0b4df2a47dfd,bloomberg,user_738,Analysts downgrade GOOGL amid market uncertainty.,"['GOOGL', 'bearish', 'analyst']",-0.83,2026-04-16T15:02:04.197758+00:00
ca6a8e0c-5ac0-4c30-abf0-938bf436c447,techcrunch,user_346,Strong demand drives GOOGL revenue growth.,"['GOOGL', 'bullish', 'revenue']",0.64,2026-04-16T15:02:05.198576+00:00
8d8d247c-16e7-44a1-8f35-11ea697a28ea,bloomberg,user_134,Strong demand drives AMZN revenue growth.,"['AMZN', 'bullish', 'revenue']",0.36,2026-04-16T15:02:06.200073+00:00
a78508a9-ed4e-442f-ac9e-631cb44038db,twitter,user_857,Insider buying detected at GOOGL.,"['GOOGL', 'bullish', 'insider']",0.36,2026-04-16T15:02:07.201019+00:00
d997afd5-adfc-4303-b272-39ef931b3fa0,bloomberg,user_957,AAPL stock hits 52-week high.,"['AAPL', 'bullish', 'momentum']",0.61,2026-04-16T15:02:08.202044+00:00
b407ee13-eeee-437d-80f1-44cd984142c9,reddit,user_359,Analysts downgrade GOOGL amid market uncertainty.,"['GOOGL', 'bearish', 'analyst']",-0.65,2026-04-16T15:02:09.202901+00:00
5c67a8fc-7bf2-41d2-a47d-3ff5541a6475,twitter,user_971,MSFT earnings beat expectations this quarter!,"['MSFT', 'bullish', 'earnings']",0.36,2026-04-16T15:02:10.203902+00:00
e01747cb-cd00-448d-88db-3937cc141386,twitter,user_917,Insider buying detected at AMZN.,"['AMZN', 'bullish', 'insider']",0.58,2026-04-16T15:02:11.204822+00:00
62d62f31-b8cd-4150-b48e-49cd0a802cfb,bloomberg,user_679,Analysts downgrade AMZN amid market uncertainty.,"['AMZN', 'bearish', 'analyst']",-0.87,2026-04-16T15:02:12.204148+00:00
153ed18b-1970-44b9-a32f-8256792b5800,techcrunch,user_261,AMZN stock hits 52-week high.,"['AMZN', 'bullish', 'momentum']",0.78,2026-04-16T15:02:13.204927+00:00
d599a0e7-1e11-4d38-b398-ab1f5260c695,twitter,user_582,TSLA faces regulatory scrutiny in EU.,"['TSLA', 'bearish', 'regulation']",-0.65,2026-04-16T15:02:14.205969+00:00
16d5e354-404e-4450-b1ae-4f352a802ffd,twitter,user_967,Insider buying detected at AAPL.,"['AAPL', 'bullish', 'insider']",0.61,2026-04-16T15:02:15.207331+00:00
4e8648d3-ef5f-4266-850f-5b240e5c44da,techcrunch,user_248,Analysts downgrade AAPL amid market uncertainty.,"['AAPL', 'bearish', 'analyst']",-0.79,2026-04-16T15:02:16.208566+00:00
93f7e9bb-18f8-40ae-a2b9-fb2a2e88b560,reddit,user_496,Strong demand drives AMZN revenue growth.,"['AMZN', 'bullish', 'revenue']",0.78,2026-04-16T15:02:17.209845+00:00
1e904e62-2923-4ee9-9bfc-680fb1719623,reddit,user_926,Analysts downgrade GOOGL amid market uncertainty.,"['GOOGL', 'bearish', 'analyst']",-0.82,2026-04-16T15:02:18.211175+00:00
5583c652-8374-4de8-9493-602c918edbd5,bloomberg,user_995,Analysts downgrade GOOGL amid market uncertainty.,"['GOOGL', 'bearish', 'analyst']",-0.37,2026-04-16T15:02:19.212242+00:00
4aa589aa-4a16-4376-9c69-927defe08ef0,twitter,user_173,GOOGL faces regulatory scrutiny in EU.,"['GOOGL', 'bearish', 'regulation']",-0.5,2026-04-16T15:02:20.213559+00:00
64b50c61-eda1-4e7a-8556-dad47c158d5b,reddit,user_777,Strong demand drives AAPL revenue growth.,"['AAPL', 'bullish', 'revenue']",0.36,2026-04-16T15:02:21.214438+00:00
a98d6c8c-665b-4ab8-a8ba-32cd56a32b6d,twitter,user_745,AAPL faces regulatory scrutiny in EU.,"['AAPL', 'bearish', 'regulation']",-0.51,2026-04-16T15:02:22.215406+00:00
1b166a29-d3ad-42e2-b699-83d887337dfd,techcrunch,user_141,CEO of GOOGL steps down unexpectedly.,"['GOOGL', 'bearish', 'management']",-0.77,2026-04-16T15:02:23.216471+00:00
02fe946d-6d6c-4a39-b805-a6e89cb2bfab,bloomberg,user_305,Breaking: TSLA announces new product line.,"['TSLA', 'bullish', 'product']",0.63,2026-04-16T15:02:24.217479+00:00
48d9edb0-de58-40fb-a777-d7f14008d0a1,reddit,user_135,Breaking: MSFT announces new product line.,"['MSFT', 'bullish', 'product']",0.35,2026-04-16T15:02:25.217986+00:00
163bd16d-343a-4a5a-af4c-44885f919ef8,twitter,user_890,Analysts downgrade MSFT amid market uncertainty.,"['MSFT', 'bearish', 'analyst']",-0.72,2026-04-16T15:02:26.218770+00:00
3a1302bc-c773-41b4-b70e-2296d1991da4,twitter,user_306,Analysts downgrade TSLA amid market uncertainty.,"['TSLA', 'bearish', 'analyst']",-0.39,2026-04-16T15:02:27.219410+00:00
bf5e6298-7cdd-4f77-b64b-c9fce41c99af,reddit,user_680,AAPL stock hits 52-week high.,"['AAPL', 'bullish', 'momentum']",0.31,2026-04-16T15:02:28.220176+00:00
b780c5e1-6abe-434b-aa1b-228678f7a0e0,reddit,user_280,Analysts downgrade MSFT amid market uncertainty.,"['MSFT', 'bearish', 'analyst']",-0.78,2026-04-16T15:02:29.221095+00:00
c0ab4731-ddb5-4fb3-aa61-6aa1b21d476d,techcrunch,user_586,GOOGL earnings beat expectations this quarter!,"['GOOGL', 'bullish', 'earnings']",0.42,2026-04-16T15:02:30.222282+00:00
f8cafa2f-0f49-4ff3-8232-5ec64a9e1378,techcrunch,user_204,GOOGL stock hits 52-week high.,"['GOOGL', 'bullish', 'momentum']",0.88,2026-04-16T15:02:31.223146+00:00
5ce6bac9-6db7-423d-8c5a-6389898349a2,techcrunch,user_692,AMZN faces regulatory scrutiny in EU.,"['AMZN', 'bearish', 'regulation']",-0.33,2026-04-16T15:02:32.224077+00:00
3f81de20-8663-44d9-a41b-8e5f7eb46aa9,twitter,user_218,Insider buying detected at MSFT.,"['MSFT', 'bullish', 'insider']",0.68,2026-04-16T15:02:33.224928+00:00
7d5837a5-7cc4-497e-bc21-f15f69c48114,twitter,user_436,AMZN faces regulatory scrutiny in EU.,"['AMZN', 'bearish', 'regulation']",-0.83,2026-04-16T15:02:34.226063+00:00
60d4cf98-b616-46eb-88d4-5b009ba42aa9,bloomberg,user_923,Breaking: MSFT announces new product line.,"['MSFT', 'bullish', 'product']",0.44,2026-04-16T15:02:35.226749+00:00
f347b350-88e8-4537-84aa-e0cc59475520,bloomberg,user_563,GOOGL faces regulatory scrutiny in EU.,"['GOOGL', 'bearish', 'regulation']",-0.69,2026-04-16T15:02:36.227736+00:00
83f182fc-e439-4cff-ba4e-437b18b73ffc,twitter,user_664,AAPL faces regulatory scrutiny in EU.,"['AAPL', 'bearish', 'regulation']",-0.42,2026-04-16T15:02:37.228764+00:00
e42800c5-5350-4843-b9a5-0b8ef5b98d56,bloomberg,user_273,Analysts downgrade AAPL amid market uncertainty.,"['AAPL', 'bearish', 'analyst']",-0.79,2026-04-16T15:02:38.230139+00:00
ad5bb93b-094b-436a-8d07-6c9e749d7296,reddit,user_500,CEO of GOOGL steps down unexpectedly.,"['GOOGL', 'bearish', 'management']",-0.3,2026-04-16T15:02:39.231113+00:00
900c1d27-ec20-4a1c-8c96-9705b9a87678,twitter,user_160,MSFT earnings beat expectations this quarter!,"['MSFT', 'bullish', 'earnings']",0.58,2026-04-16T15:02:40.231639+00:00
d7e44cd5-3f24-42d7-b953-4576fe8668ce,bloomberg,user_970,Insider buying detected at TSLA.,"['TSLA', 'bullish', 'insider']",0.77,2026-04-16T15:02:41.232593+00:00
d804076d-b82e-4dea-92cb-d927fe718f5e,bloomberg,user_120,MSFT earnings beat expectations this quarter!,"['MSFT', 'bullish', 'earnings']",0.81,2026-04-16T15:02:42.232547+00:00
fc5b9ebb-28b1-42a3-80d3-bd7377db845a,reddit,user_824,GOOGL faces regulatory scrutiny in EU.,"['GOOGL', 'bearish', 'regulation']",-0.76,2026-04-16T15:02:43.233727+00:00
9b942fa3-1b56-471e-8d6d-ab1981658c1f,bloomberg,user_705,Analysts downgrade MSFT amid market uncertainty.,"['MSFT', 'bearish', 'analyst']",-0.89,2026-04-16T15:02:44.234784+00:00
ce3825ed-800d-46e3-8027-62b291e16c57,bloomberg,user_708,AAPL earnings beat expectations this quarter!,"['AAPL', 'bullish', 'earnings']",0.79,2026-04-16T15:02:45.235686+00:00
cc4a34ba-1fbf-40e6-8506-e7e180d5e96e,reddit,user_505,Analysts downgrade AMZN amid market uncertainty.,"['AMZN', 'bearish', 'analyst']",-0.38,2026-04-16T15:02:46.236518+00:00
160cd3a2-595d-410a-8b07-0da86c159e25,bloomberg,user_344,AAPL faces regulatory scrutiny in EU.,"['AAPL', 'bearish', 'regulation']",-0.39,2026-04-16T15:02:47.237423+00:00
6f90a1cf-a319-4ca3-bb9a-3162f9f1ea85,techcrunch,user_203,CEO of AAPL steps down unexpectedly.,"['AAPL', 'bearish', 'management']",-0.56,2026-04-16T15:02:48.237890+00:00
6a9e0596-0268-4a3c-84d3-32d832512b06,techcrunch,user_961,MSFT faces regulatory scrutiny in EU.,"['MSFT', 'bearish', 'regulation']",-0.83,2026-04-16T15:02:49.238840+00:00
1558245b-9975-4345-95eb-ee4ac650852c,twitter,user_865,Breaking: AMZN announces new product line.,"['AMZN', 'bullish', 'product']",0.49,2026-04-16T15:02:50.239595+00:00
fef95a0b-5fd4-4802-997e-4e36e4eef6b0,bloomberg,user_304,AAPL faces regulatory scrutiny in EU.,"['AAPL', 'bearish', 'regulation']",-0.63,2026-04-16T15:02:51.240515+00:00
792897e0-b64a-4ef3-a2c7-1a0f4217aeac,techcrunch,user_845,Breaking: AMZN announces new product line.,"['AMZN', 'bullish', 'product']",0.48,2026-04-16T15:02:52.241564+00:00
97373df9-0022-493f-ae78-e8b8c79821b9,techcrunch,user_938,Insider buying detected at MSFT.,"['MSFT', 'bullish', 'insider']",0.81,2026-04-16T15:02:53.242104+00:00
4b7c6c79-e221-4775-9b7a-2f80404320fc,bloomberg,user_498,MSFT faces regulatory scrutiny in EU.,"['MSFT', 'bearish', 'regulation']",-0.79,2026-04-16T15:02:54.242622+00:00
534d0ad1-09bd-4c7d-8878-e3a8b0757fcc,twitter,user_112,CEO of MSFT steps down unexpectedly.,"['MSFT', 'bearish', 'management']",-0.36,2026-04-16T15:02:55.243438+00:00
7d8eddbb-e0b5-4891-83d0-036546192f78,bloomberg,user_213,Strong demand drives GOOGL revenue growth.,"['GOOGL', 'bullish', 'revenue']",0.66,2026-04-16T15:02:56.244625+00:00
06acdb15-b16b-4c54-b4e5-d7c4f06e2c4a,techcrunch,user_708,Analysts downgrade TSLA amid market uncertainty.,"['TSLA', 'bearish', 'analyst']",-0.64,2026-04-16T15:02:57.245274+00:00
dfcb414c-84fc-45dc-a5b7-d1db659a4fe6,techcrunch,user_479,Breaking: AMZN announces new product line.,"['AMZN', 'bullish', 'product']",0.66,2026-04-16T15:02:58.246145+00:00
9119d0ac-9925-4e20-954f-d822191687be,bloomberg,user_415,GOOGL faces regulatory scrutiny in EU.,"['GOOGL', 'bearish', 'regulation']",-0.65,2026-04-16T15:02:59.247085+00:00
fe5aeb03-6f0d-4d9c-9766-3802d744e5f4,reddit,user_323,Strong demand drives GOOGL revenue growth.,"['GOOGL', 'bullish', 'revenue']",0.42,2026-04-16T15:03:00.248058+00:00
6a720e54-573d-43ef-b2b2-77a67b3f8163,reddit,user_186,Breaking: AAPL announces new product line.,"['AAPL', 'bullish', 'product']",0.44,2026-04-16T15:03:01.249000+00:00
791caa56-0f53-454c-9778-e535833bdb30,bloomberg,user_731,Breaking: GOOGL announces new product line.,"['GOOGL', 'bullish', 'product']",0.52,2026-04-16T15:03:02.249503+00:00
5f3c2d7b-8555-4c9f-b28a-bbaaed7eb57e,twitter,user_976,Breaking: MSFT announces new product line.,"['MSFT', 'bullish', 'product']",0.6,2026-04-16T15:03:03.250341+00:00
f937ecb6-4052-41f5-b270-7e1100983502,twitter,user_873,Analysts downgrade TSLA amid market uncertainty.,"['TSLA', 'bearish', 'analyst']",-0.71,2026-04-16T15:03:04.251571+00:00
072cfe1d-6cc1-4535-b725-43ec798c6105,bloomberg,user_108,AMZN stock hits 52-week high.,"['AMZN', 'bullish', 'momentum']",0.51,2026-04-16T15:03:05.252845+00:00
1c5953a0-2e2e-41c9-8a6e-1e598b50e769,techcrunch,user_708,Strong demand drives AMZN revenue growth.,"['AMZN', 'bullish', 'revenue']",0.88,2026-04-16T15:03:06.253586+00:00
e90b7802-d88e-4b0e-b058-09da8b65301f,twitter,user_917,Breaking: GOOGL announces new product line.,"['GOOGL', 'bullish', 'product']",0.78,2026-04-16T15:03:07.254886+00:00
a283d2f0-ad7e-43cc-897f-e76de22c80cc,reddit,user_156,Insider buying detected at AAPL.,"['AAPL', 'bullish', 'insider']",0.48,2026-04-16T15:03:08.256503+00:00
9be48e72-367e-4593-8266-423a715f4e46,reddit,user_391,MSFT earnings beat expectations this quarter!,"['MSFT', 'bullish', 'earnings']",0.45,2026-04-16T15:03:09.257324+00:00
0fd2886f-b188-4817-9ace-b5a68c71fc0c,reddit,user_889,TSLA stock hits 52-week high.,"['TSLA', 'bullish', 'momentum']",0.42,2026-04-16T15:03:10.258351+00:00
2dccc1b6-81f4-4d85-9cc2-de713760c467,reddit,user_611,AAPL earnings beat expectations this quarter!,"['AAPL', 'bullish', 'earnings']",0.45,2026-04-16T15:03:11.259977+00:00
baf2cedf-70e7-4559-a275-73afd3bfcaf8,techcrunch,user_617,TSLA stock hits 52-week high.,"['TSLA', 'bullish', 'momentum']",0.43,2026-04-16T15:03:12.259707+00:00
e996cad8-009a-4956-bd58-467c2a798a78,techcrunch,user_552,TSLA earnings beat expectations this quarter!,"['TSLA', 'bullish', 'earnings']",0.38,2026-04-16T15:03:13.260519+00:00
2c62d8b3-e879-4c28-a855-d851679dde7f,techcrunch,user_254,Strong demand drives MSFT revenue growth.,"['MSFT', 'bullish', 'revenue']",0.57,2026-04-16T15:03:14.261981+00:00
eb971347-b077-4032-83fa-13bf0d0aa93b,techcrunch,user_226,Strong demand drives TSLA revenue growth.,"['TSLA', 'bullish', 'revenue']",0.63,2026-04-16T15:03:15.263044+00:00
1aff9248-b657-44d0-a551-2e0c9f45fbd1,twitter,user_682,TSLA stock hits 52-week high.,"['TSLA', 'bullish', 'momentum']",0.78,2026-04-16T15:03:16.264191+00:00
32f3bd7d-6437-4aaf-961c-cc3c2a1cfb05,twitter,user_543,Analysts downgrade GOOGL amid market uncertainty.,"['GOOGL', 'bearish', 'analyst']",-0.34,2026-04-16T15:03:17.265141+00:00
064ef5f4-a813-494f-a4f9-5ab412415fd2,reddit,user_936,MSFT faces regulatory scrutiny in EU.,"['MSFT', 'bearish', 'regulation']",-0.63,2026-04-16T15:03:18.266089+00:00
faadd418-5f18-48a6-baef-1c898afe4562,reddit,user_594,Breaking: AMZN announces new product line.,"['AMZN', 'bullish', 'product']",0.55,2026-04-16T15:03:19.266994+00:00
44e993f4-3e6a-49b9-adfa-4793e0a6a8b5,reddit,user_168,CEO of GOOGL steps down unexpectedly.,"['GOOGL', 'bearish', 'management']",-0.61,2026-04-16T15:03:20.267969+00:00
57e7a1bc-5ba5-4f08-b2ae-be91bc32d0c7,twitter,user_425,TSLA stock hits 52-week high.,"['TSLA', 'bullish', 'momentum']",0.6,2026-04-16T15:03:21.269497+00:00
5e96efef-5201-4ab9-affc-fb98547e4559,techcrunch,user_724,Insider buying detected at AAPL.,"['AAPL', 'bullish', 'insider']",0.74,2026-04-16T15:03:22.270342+00:00
afbaf20d-5019-4e24-b7ed-6b809ee243c0,bloomberg,user_658,Strong demand drives GOOGL revenue growth.,"['GOOGL', 'bullish', 'revenue']",0.5,2026-04-16T15:03:23.271085+00:00
e1fbd945-f03c-4bdb-af12-c14ecef4139c,techcrunch,user_836,CEO of AAPL steps down unexpectedly.,"['AAPL', 'bearish', 'management']",-0.86,2026-04-16T15:03:24.271941+00:00
0fb4b909-1e12-4ead-a748-6a1bd9945a7b,twitter,user_604,MSFT faces regulatory scrutiny in EU.,"['MSFT', 'bearish', 'regulation']",-0.43,2026-04-16T15:03:25.273079+00:00
f044bdcc-9ba3-47ba-82c5-e602eb26428a,twitter,user_508,Strong demand drives TSLA revenue growth.,"['TSLA', 'bullish', 'revenue']",0.83,2026-04-16T15:03:26.273988+00:00
5d692517-427a-4cc2-a620-13a8274cd52e,twitter,user_810,TSLA faces regulatory scrutiny in EU.,"['TSLA', 'bearish', 'regulation']",-0.66,2026-04-16T15:03:27.274704+00:00
cde37250-b070-4b47-b9f2-9924bc40b61a,techcrunch,user_579,CEO of AMZN steps down unexpectedly.,"['AMZN', 'bearish', 'management']",-0.35,2026-04-16T15:03:28.275482+00:00
6fb3361b-7994-465c-a1ec-a25460a10ab4,reddit,user_770,Analysts downgrade MSFT amid market uncertainty.,"['MSFT', 'bearish', 'analyst']",-0.69,2026-04-16T15:03:29.275991+00:00
8497e703-2e3d-4bce-8c90-79dee42fe033,reddit,user_255,Analysts downgrade AMZN amid market uncertainty.,"['AMZN', 'bearish', 'analyst']",-0.75,2026-04-16T15:03:30.277060+00:00
20a280fb-0941-4baa-a3b0-34a7307ad92b,twitter,user_534,TSLA earnings beat expectations this quarter!,"['TSLA', 'bullish', 'earnings']",0.35,2026-04-16T15:03:31.278058+00:00
f7f3c82d-479b-42f6-b14c-5c9d7ff09e1b,bloomberg,user_237,Breaking: AAPL announces new product line.,"['AAPL', 'bullish', 'product']",0.34,2026-04-16T15:03:32.278512+00:00
373de6c2-ca98-4bfb-94b5-6c27414a2e40,twitter,user_600,AMZN earnings beat expectations this quarter!,"['AMZN', 'bullish', 'earnings']",0.85,2026-04-16T15:03:33.279346+00:00
f825b518-e79c-409a-af59-9e4d23d3a200,bloomberg,user_948,Breaking: AAPL announces new product line.,"['AAPL', 'bullish', 'product']",0.77,2026-04-16T15:03:34.279811+00:00
99f1a0dd-fdce-4d2a-b201-e4798b15a038,bloomberg,user_101,CEO of AMZN steps down unexpectedly.,"['AMZN', 'bearish', 'management']",-0.85,2026-04-16T15:03:35.280665+00:00
260bf75f-1354-4380-a2ab-f61774f22911,twitter,user_763,GOOGL earnings beat expectations this quarter!,"['GOOGL', 'bullish', 'earnings']",0.36,2026-04-16T15:03:36.281692+00:00
2ca43508-42d9-40fa-bfb6-3047a074edec,reddit,user_252,Analysts downgrade AAPL amid market uncertainty.,"['AAPL', 'bearish', 'analyst']",-0.73,2026-04-16T15:03:37.282699+00:00
4f8f4261-9338-45f5-8a0d-c621fe77de15,bloomberg,user_487,AMZN stock hits 52-week high.,"['AMZN', 'bullish', 'momentum']",0.78,2026-04-16T15:03:38.283753+00:00
3344ad1d-984c-4e7d-b48f-73a775f96a30,bloomberg,user_964,MSFT earnings beat expectations this quarter!,"['MSFT', 'bullish', 'earnings']",0.78,2026-04-16T15:03:39.284827+00:00
7cfdacd1-e8d0-4471-80fa-bf3b04140dbb,bloomberg,user_780,CEO of MSFT steps down unexpectedly.,"['MSFT', 'bearish', 'management']",-0.46,2026-04-16T15:03:40.285961+00:00
ec818b96-32b7-4425-b180-2dd1ba30abff,reddit,user_509,Strong demand drives GOOGL revenue growth.,"['GOOGL', 'bullish', 'revenue']",0.63,2026-04-16T15:03:41.286836+00:00
ab42898a-aea5-42f0-86ec-aeb194a7d57e,techcrunch,user_283,AAPL earnings beat expectations this quarter!,"['AAPL', 'bullish', 'earnings']",0.53,2026-04-16T15:03:42.286147+00:00
5f709a92-7e3d-4d92-b4e3-eef5a7917b12,bloomberg,user_149,CEO of TSLA steps down unexpectedly.,"['TSLA', 'bearish', 'management']",-0.62,2026-04-16T15:03:43.286915+00:00
95416d32-d69c-4e64-bb2a-cc0dec6becc1,techcrunch,user_127,Breaking: TSLA announces new product line.,"['TSLA', 'bullish', 'product']",0.73,2026-04-16T15:03:44.287698+00:00
16c543fe-0124-47eb-b8a7-8cb6fbeef2ac,bloomberg,user_348,AAPL stock hits 52-week high.,"['AAPL', 'bullish', 'momentum']",0.33,2026-04-16T15:03:45.288217+00:00
a69b999d-0eaf-45ad-a055-b9eaf44a1fb1,techcrunch,user_540,MSFT earnings beat expectations this quarter!,"['MSFT', 'bullish', 'earnings']",0.43,2026-04-16T15:03:46.288967+00:00
ab8dcb50-b908-437f-afcc-832572d18545,twitter,user_597,Breaking: AAPL announces new product line.,"['AAPL', 'bullish', 'product']",0.32,2026-04-16T15:03:47.289778+00:00
ee1cbb85-1d55-414c-8d89-04d5c8fd3796,techcrunch,user_886,Analysts downgrade AMZN amid market uncertainty.,"['AMZN', 'bearish', 'analyst']",-0.49,2026-04-20T16:24:36.270317+00:00
bf122e10-e0b5-4ecc-9091-d9c7ca8e54f2,twitter,user_603,Breaking: GOOGL announces new product line.,"['GOOGL', 'bullish', 'product']",0.43,2026-04-20T16:24:38.180760+00:00
9826036a-c0d5-404c-ac30-9fb714cd0d4b,bloomberg,user_347,MSFT stock hits 52-week high.,"['MSFT', 'bullish', 'momentum']",0.69,2026-04-20T16:24:39.182219+00:00
97e91b08-f05a-4ec1-8c3c-b7a5911d3df5,reddit,user_228,AMZN stock hits 52-week high.,"['AMZN', 'bullish', 'momentum']",0.37,2026-04-20T16:24:40.184094+00:00
86269e82-99a2-4565-8b01-bf64abc94e42,reddit,user_101,AMZN stock hits 52-week high.,"['AMZN', 'bullish', 'momentum']",0.4,2026-04-20T16:24:41.185447+00:00
a74f3398-b71e-4405-9630-9dfb327d4771,twitter,user_925,Insider buying detected at TSLA.,"['TSLA', 'bullish', 'insider']",0.71,2026-04-20T16:24:42.186410+00:00
0d973976-01b1-4416-bbba-3f51e8ca12a9,bloomberg,user_655,GOOGL faces regulatory scrutiny in EU.,"['GOOGL', 'bearish', 'regulation']",-0.57,2026-04-20T16:24:43.186955+00:00
3ba9bb47-5ccf-4986-8f02-d74fb953cdc0,twitter,user_773,GOOGL faces regulatory scrutiny in EU.,"['GOOGL', 'bearish', 'regulation']",-0.37,2026-04-20T16:33:50.003364+00:00
935a070a-a6b9-415b-a5ac-e5490d6ec52d,techcrunch,user_329,MSFT stock hits 52-week high.,"['MSFT', 'bullish', 'momentum']",0.61,2026-04-20T16:33:51.630145+00:00
eb73a69a-dfc3-4c0a-baa5-f4ef68307117,techcrunch,user_520,AMZN earnings beat expectations this quarter!,"['AMZN', 'bullish', 'earnings']",0.67,2026-04-20T16:33:52.631401+00:00
403e74bb-1a8e-40aa-8c6b-cdb1a597108d,bloomberg,user_330,Strong demand drives AMZN revenue growth.,"['AMZN', 'bullish', 'revenue']",0.74,2026-04-20T16:33:53.632039+00:00
3deeea86-cb1c-4930-a2e0-a0c98c48bd92,bloomberg,user_567,CEO of AAPL steps down unexpectedly.,"['AAPL', 'bearish', 'management']",-0.4,2026-04-20T16:33:54.632756+00:00
0e5cb583-1eb1-4133-af2f-4c4fe91c16da,techcrunch,user_185,Analysts downgrade MSFT amid market uncertainty.,"['MSFT', 'bearish', 'analyst']",-0.84,2026-04-20T16:33:55.634142+00:00
17e41639-990b-4504-ae8a-b628e0a30553,reddit,user_608,Insider buying detected at MSFT.,"['MSFT', 'bullish', 'insider']",0.43,2026-04-20T16:33:56.634920+00:00
83d1fcaa-35e1-4f60-9ddf-bd2e8196f434,bloomberg,user_636,Analysts downgrade AAPL amid market uncertainty.,"['AAPL', 'bearish', 'analyst']",-0.78,2026-04-20T16:33:57.635502+00:00
c9556e26-028a-46d9-a3f3-c77b3e258791,bloomberg,user_330,CEO of AMZN steps down unexpectedly.,"['AMZN', 'bearish', 'management']",-0.68,2026-04-20T16:33:58.636103+00:00
dde86be3-849e-4304-9b02-34f85459cea7,bloomberg,user_685,AMZN stock hits 52-week high.,"['AMZN', 'bullish', 'momentum']",0.84,2026-04-20T16:33:59.637082+00:00
21c939da-8264-4800-a2ea-74ec12e3c137,twitter,user_805,Strong demand drives TSLA revenue growth.,"['TSLA', 'bullish', 'revenue']",0.79,2026-04-20T16:34:00.637552+00:00
1160fc14-92b5-47c1-a099-dce2f6e90dd3,bloomberg,user_607,Strong demand drives MSFT revenue growth.,"['MSFT', 'bullish', 'revenue']",0.38,2026-04-20T16:34:01.638452+00:00
7f09242a-7ed8-427a-92c8-ffe8044785e8,bloomberg,user_638,Insider buying detected at AMZN.,"['AMZN', 'bullish', 'insider']",0.58,2026-04-20T16:34:02.639175+00:00
fadf64f0-ed8c-40e7-8512-78eecdac2591,techcrunch,user_691,Breaking: GOOGL announces new product line.,"['GOOGL', 'bullish', 'product']",0.61,2026-04-20T16:34:03.640242+00:00
cf97e564-31c3-4214-a0d4-fb1e83d46701,twitter,user_560,Analysts downgrade GOOGL amid market uncertainty.,"['GOOGL', 'bearish', 'analyst']",-0.39,2026-04-20T16:34:04.641072+00:00
08ecef25-e682-44fc-9232-44b908ef70ba,bloomberg,user_988,AAPL earnings beat expectations this quarter!,"['AAPL', 'bullish', 'earnings']",0.69,2026-04-20T16:34:05.642027+00:00
01832146-7a75-4c62-83be-59e1e69d8cb7,bloomberg,user_385,AMZN stock hits 52-week high.,"['AMZN', 'bullish', 'momentum']",0.86,2026-04-20T16:34:06.643015+00:00
f88c4c7d-2805-4faa-812d-cfc3573b4767,bloomberg,user_516,AAPL faces regulatory scrutiny in EU.,"['AAPL', 'bearish', 'regulation']",-0.89,2026-04-20T16:34:07.644075+00:00
888746e9-a1cf-46d2-afba-2ae71b9720e6,twitter,user_719,Analysts downgrade GOOGL amid market uncertainty.,"['GOOGL', 'bearish', 'analyst']",-0.58,2026-04-20T16:34:08.644843+00:00
8dc452e5-d24d-4cb3-8e57-8b803f832323,bloomberg,user_708,Strong demand drives AMZN revenue growth.,"['AMZN', 'bullish', 'revenue']",0.6,2026-04-20T16:34:09.645595+00:00
ce058891-bdbe-4d86-8259-3ac05cab8fba,bloomberg,user_669,Breaking: AAPL announces new product line.,"['AAPL', 'bullish', 'product']",0.54,2026-04-20T16:34:10.646479+00:00
aa4da92d-79ea-4fe1-a209-195a0441f974,reddit,user_788,Analysts downgrade GOOGL amid market uncertainty.,"['GOOGL', 'bearish', 'analyst']",-0.61,2026-04-20T16:34:11.647615+00:00
b98e12da-0f02-4ebe-bff9-2cddd6e479df,twitter,user_350,AMZN earnings beat expectations this quarter!,"['AMZN', 'bullish', 'earnings']",0.76,2026-04-20T16:34:12.648642+00:00
e1b0eeff-78fc-40ac-8f46-2f69669c0d09,reddit,user_508,Analysts downgrade MSFT amid market uncertainty.,"['MSFT', 'bearish', 'analyst']",-0.39,2026-04-20T16:34:13.651096+00:00
b39db11a-332b-4bdf-96e2-6130eed96efc,bloomberg,user_741,AMZN earnings beat expectations this quarter!,"['AMZN', 'bullish', 'earnings']",0.47,2026-04-20T16:34:14.652317+00:00
a8a19c86-10a6-43aa-abc2-d521e6e7b510,reddit,user_384,Analysts downgrade AAPL amid market uncertainty.,"['AAPL', 'bearish', 'analyst']",-0.49,2026-04-20T16:34:15.652928+00:00
cbf9f071-325c-433f-9686-13bbf2071ffe,techcrunch,user_236,Insider buying detected at TSLA.,"['TSLA', 'bullish', 'insider']",0.72,2026-04-20T16:34:16.653479+00:00
714af58a-b690-46fb-ab64-c374a084d75d,reddit,user_625,CEO of TSLA steps down unexpectedly.,"['TSLA', 'bearish', 'management']",-0.4,2026-04-20T16:34:17.654407+00:00
4cddf3c3-4cff-4314-b7b8-863a92d1abbe,bloomberg,user_230,GOOGL faces regulatory scrutiny in EU.,"['GOOGL', 'bearish', 'regulation']",-0.33,2026-04-20T16:34:18.655269+00:00
0ecd2332-b9ca-4ccb-9f1c-727096660b35,twitter,user_776,CEO of GOOGL steps down unexpectedly.,"['GOOGL', 'bearish', 'management']",-0.89,2026-04-20T16:34:19.656019+00:00
afd45f70-b4f7-424e-8991-1046921853fc,twitter,user_984,MSFT earnings beat expectations this quarter!,"['MSFT', 'bullish', 'earnings']",0.37,2026-04-20T16:34:20.656944+00:00
c17f51d1-16fc-4e1a-8bd7-e00e7e853054,twitter,user_673,Strong demand drives GOOGL revenue growth.,"['GOOGL', 'bullish', 'revenue']",0.4,2026-04-20T16:34:21.657894+00:00
64e69c95-f00f-4de7-a7cf-067722f9caa3,bloomberg,user_489,MSFT earnings beat expectations this quarter!,"['MSFT', 'bullish', 'earnings']",0.51,2026-04-20T16:34:22.658735+00:00
30957cdc-0df6-4c8b-bc7e-3102b4351aaf,twitter,user_741,Analysts downgrade AMZN amid market uncertainty.,"['AMZN', 'bearish', 'analyst']",-0.79,2026-04-20T16:34:23.659393+00:00
cc2052f6-a843-42db-b774-6755a8f5bdcc,techcrunch,user_759,Strong demand drives TSLA revenue growth.,"['TSLA', 'bullish', 'revenue']",0.31,2026-04-20T16:34:24.659228+00:00
a59b6b4f-4107-426a-979f-061ea6325d7d,reddit,user_616,Insider buying detected at MSFT.,"['MSFT', 'bullish', 'insider']",0.41,2026-04-20T16:34:25.659972+00:00
c2433ad1-cb02-42b0-b217-3236ed7fd9b4,reddit,user_312,Strong demand drives MSFT revenue growth.,"['MSFT', 'bullish', 'revenue']",0.48,2026-04-20T16:34:26.661444+00:00
a8fdfe8f-caa0-4ea3-b2ea-b0e5ef4cd641,twitter,user_357,Breaking: GOOGL announces new product line.,"['GOOGL', 'bullish', 'product']",0.4,2026-04-20T16:34:27.662463+00:00
77aae94d-371a-45b0-b8bd-b3e19277cd45,twitter,user_101,AMZN faces regulatory scrutiny in EU.,"['AMZN', 'bearish', 'regulation']",-0.35,2026-04-20T16:34:28.663257+00:00
3c3d94b0-f159-4649-9b20-32f50b20a1fb,bloomberg,user_654,MSFT faces regulatory scrutiny in EU.,"['MSFT', 'bearish', 'regulation']",-0.64,2026-04-20T16:34:29.664106+00:00
ee5f2ec5-8469-4fb1-90c9-8d2735b21a21,twitter,user_258,Breaking: MSFT announces new product line.,"['MSFT', 'bullish', 'product']",0.51,2026-04-20T16:34:30.664574+00:00
7a97b0f0-7903-4503-ba77-391b9b472633,reddit,user_106,MSFT faces regulatory scrutiny in EU.,"['MSFT', 'bearish', 'regulation']",-0.68,2026-04-20T16:34:31.665494+00:00
92061dac-6122-4d9f-9218-8a20628c7289,reddit,user_830,AMZN faces regulatory scrutiny in EU.,"['AMZN', 'bearish', 'regulation']",-0.78,2026-04-20T16:34:32.666577+00:00
c016d3a3-4918-45b5-93fc-10e0d83835f8,reddit,user_507,Breaking: AMZN announces new product line.,"['AMZN', 'bullish', 'product']",0.78,2026-04-20T16:34:33.667987+00:00
abcb16c4-f543-4ff3-952c-f9f8a4edf5fa,bloomberg,user_834,Strong demand drives TSLA revenue growth.,"['TSLA', 'bullish', 'revenue']",0.34,2026-04-20T16:34:34.669039+00:00
5a643482-5623-49ee-b04e-ad51c27604b5,reddit,user_674,AMZN earnings beat expectations this quarter!,"['AMZN', 'bullish', 'earnings']",0.44,2026-04-20T16:34:35.670501+00:00
158bb2ca-e031-44f4-8deb-8cc4500541f0,bloomberg,user_843,Insider buying detected at GOOGL.,"['GOOGL', 'bullish', 'insider']",0.57,2026-04-20T16:34:36.671466+00:00
33cdadef-52db-46b6-82cf-89e60bbe141a,bloomberg,user_795,Strong demand drives MSFT revenue growth.,"['MSFT', 'bullish', 'revenue']",0.54,2026-04-20T16:34:37.671958+00:00
3e1ae8e0-1fa3-44d4-965f-4312e2b29643,twitter,user_384,Strong demand drives AMZN revenue growth.,"['AMZN', 'bullish', 'revenue']",0.85,2026-04-20T16:34:38.672696+00:00
211194ab-6893-4d67-924a-953cd825852c,twitter,user_286,AMZN stock hits 52-week high.,"['AMZN', 'bullish', 'momentum']",0.64,2026-04-20T16:34:39.673476+00:00
19843f41-8fc0-46a8-929d-d9f7dfc25a8b,twitter,user_243,CEO of TSLA steps down unexpectedly.,"['TSLA', 'bearish', 'management']",-0.61,2026-04-20T16:34:40.674092+00:00
cafae2d1-4abb-473f-8cd0-2f956e2cc350,twitter,user_994,Insider buying detected at AMZN.,"['AMZN', 'bullish', 'insider']",0.38,2026-04-20T16:34:41.675346+00:00
9dc3f046-8324-4f33-bc8e-39acdbeb139a,bloomberg,user_259,AMZN earnings beat expectations this quarter!,"['AMZN', 'bullish', 'earnings']",0.57,2026-04-20T16:34:42.676556+00:00
ad0bfb35-e930-423e-8543-1c93303adc02,bloomberg,user_465,AAPL stock hits 52-week high.,"['AAPL', 'bullish', 'momentum']",0.77,2026-04-20T16:34:43.677394+00:00
3564da13-f785-47c8-a499-53ebf3f4b6d8,bloomberg,user_776,TSLA earnings beat expectations this quarter!,"['TSLA', 'bullish', 'earnings']",0.56,2026-04-20T16:34:44.678310+00:00
c5da1fe3-915c-4469-b72e-1dd8e2403a25,reddit,user_899,CEO of AAPL steps down unexpectedly.,"['AAPL', 'bearish', 'management']",-0.73,2026-04-20T16:34:45.683062+00:00
be7e4e4e-0cb1-477a-9c4c-5aa8426e85d9,bloomberg,user_454,Analysts downgrade AAPL amid market uncertainty.,"['AAPL', 'bearish', 'analyst']",-0.48,2026-04-20T16:34:46.684101+00:00
7e8813d7-9b4d-4fb2-8dd9-e3c82ef5106b,reddit,user_351,TSLA faces regulatory scrutiny in EU.,"['TSLA', 'bearish', 'regulation']",-0.48,2026-04-20T16:34:47.684587+00:00
a986a8e5-3066-45c4-83de-f833746530ca,twitter,user_705,MSFT stock hits 52-week high.,"['MSFT', 'bullish', 'momentum']",0.4,2026-04-20T16:34:48.685490+00:00
2bd30fb8-4d1b-4ce2-abb5-b930020f3e83,techcrunch,user_894,Breaking: AAPL announces new product line.,"['AAPL', 'bullish', 'product']",0.66,2026-04-20T16:34:49.686453+00:00
a6f5cd30-6d74-4429-aa1c-f17fc9b54d2f,reddit,user_492,Breaking: MSFT announces new product line.,"['MSFT', 'bullish', 'product']",0.43,2026-04-20T16:34:50.687705+00:00
4ed5ffc8-b3d0-4928-80de-9626724665f2,techcrunch,user_218,Analysts downgrade MSFT amid market uncertainty.,"['MSFT', 'bearish', 'analyst']",-0.61,2026-04-20T16:34:51.688671+00:00
22ff71f6-854c-46df-8116-a7ed8787a43c,reddit,user_195,AAPL stock hits 52-week high.,"['AAPL', 'bullish', 'momentum']",0.64,2026-04-20T16:34:52.690344+00:00
e57d72c7-86c2-434e-a2bb-0f17777e3358,techcrunch,user_825,Strong demand drives AAPL revenue growth.,"['AAPL', 'bullish', 'revenue']",0.76,2026-04-20T16:34:53.691778+00:00
1d3b2a14-1454-4618-823d-c8b529a856f1,twitter,user_162,GOOGL stock hits 52-week high.,"['GOOGL', 'bullish', 'momentum']",0.55,2026-04-20T16:34:54.690581+00:00
1ff59c9a-ecbe-4ee4-aca0-0ba932f04e84,reddit,user_487,AAPL stock hits 52-week high.,"['AAPL', 'bullish', 'momentum']",0.58,2026-04-20T16:34:55.691167+00:00
f6a667bf-1faf-4afe-b508-1bb48c9cf1a3,techcrunch,user_412,TSLA stock hits 52-week high.,"['TSLA', 'bullish', 'momentum']",0.86,2026-04-20T16:53:50.314360+00:00
0a30654e-9cbe-425a-982b-716ff8bef3a8,reddit,user_412,TSLA earnings beat expectations this quarter!,"['TSLA', 'bullish', 'earnings']",0.72,2026-04-20T16:53:51.434068+00:00
d0429014-af6e-4a7c-8d4f-3240eaa7c594,bloomberg,user_813,AAPL stock hits 52-week high.,"['AAPL', 'bullish', 'momentum']",0.37,2026-04-20T16:53:52.434731+00:00
37b3713d-1a85-4a66-8f57-ab5f089a8884,bloomberg,user_730,Analysts downgrade AMZN amid market uncertainty.,"['AMZN', 'bearish', 'analyst']",-0.71,2026-04-20T16:53:53.436527+00:00
d3caae99-a028-40ee-98f2-e8c9736f492c,techcrunch,user_834,MSFT stock hits 52-week high.,"['MSFT', 'bullish', 'momentum']",0.78,2026-04-20T16:53:54.436789+00:00
41a6de7a-5905-4004-8d28-fcf7d3cae986,bloomberg,user_204,Insider buying detected at TSLA.,"['TSLA', 'bullish', 'insider']",0.34,2026-04-20T16:53:55.438526+00:00
181e6d95-4f12-411a-987b-2f01a124f520,techcrunch,user_405,Breaking: AMZN announces new product line.,"['AMZN', 'bullish', 'product']",0.89,2026-04-20T16:53:56.440272+00:00
bb7431c1-a23f-4ee2-b77d-94acab305da9,bloomberg,user_615,Analysts downgrade AAPL amid market uncertainty.,"['AAPL', 'bearish', 'analyst']",-0.79,2026-04-20T16:53:57.440957+00:00
bc6cedd4-7716-46f6-bd0a-28599cdde9d2,techcrunch,user_716,Analysts downgrade AMZN amid market uncertainty.,"['AMZN', 'bearish', 'analyst']",-0.8,2026-04-20T16:53:58.442020+00:00
671da41d-5147-4f67-ac39-2cdb25b3a4d2,reddit,user_811,MSFT earnings beat expectations this quarter!,"['MSFT', 'bullish', 'earnings']",0.76,2026-04-20T16:53:59.442856+00:00
c0da6cd7-042d-4027-90f2-35ffe848dc2e,techcrunch,user_724,GOOGL stock hits 52-week high.,"['GOOGL', 'bullish', 'momentum']",0.36,2026-04-20T16:54:00.443332+00:00
49bb7f21-23a7-4635-a745-b9948ce93bbb,twitter,user_548,GOOGL faces regulatory scrutiny in EU.,"['GOOGL', 'bearish', 'regulation']",-0.42,2026-04-20T16:54:01.444545+00:00
5503dc67-f539-4f18-b234-440322d1c037,bloomberg,user_373,Analysts downgrade MSFT amid market uncertainty.,"['MSFT', 'bearish', 'analyst']",-0.87,2026-04-20T16:54:02.445402+00:00
1b54e08e-9c33-4cbf-b9a9-16124bf82e9b,twitter,user_703,GOOGL stock hits 52-week high.,"['GOOGL', 'bullish', 'momentum']",0.81,2026-04-20T16:54:03.445944+00:00
ac538639-a888-42b6-887d-48fcd4dc7895,reddit,user_618,Breaking: AAPL announces new product line.,"['AAPL', 'bullish', 'product']",0.4,2026-04-20T16:54:04.446548+00:00
64b22df4-cc1f-4c37-acf1-d3e6ee07a7ad,bloomberg,user_739,Analysts downgrade MSFT amid market uncertainty.,"['MSFT', 'bearish', 'analyst']",-0.74,2026-04-20T16:54:05.447499+00:00
dc16786b-5f39-4025-ae94-8728889b2a12,reddit,user_742,AMZN stock hits 52-week high.,"['AMZN', 'bullish', 'momentum']",0.53,2026-04-20T16:54:06.448322+00:00
cf222122-42f3-4283-a378-0da5e92f99b6,twitter,user_853,TSLA stock hits 52-week high.,"['TSLA', 'bullish', 'momentum']",0.35,2026-04-20T16:54:07.449044+00:00
2bde5aca-457a-4ff9-aac5-c25bdc0d9d85,twitter,user_813,Strong demand drives GOOGL revenue growth.,"['GOOGL', 'bullish', 'revenue']",0.5,2026-04-20T16:54:08.450157+00:00
64b22df4-cc1f-4c37-acf1-d3e6ee07a7ad,bloomberg,user_739,Analysts downgrade MSFT amid market uncertainty.,"['MSFT', 'bearish', 'analyst']",-0.74,2026-04-20T16:54:05.447499+00:00
dc16786b-5f39-4025-ae94-8728889b2a12,reddit,user_742,AMZN stock hits 52-week high.,"['AMZN', 'bullish', 'momentum']",0.53,2026-04-20T16:54:06.448322+00:00
cf222122-42f3-4283-a378-0da5e92f99b6,twitter,user_853,TSLA stock hits 52-week high.,"['TSLA', 'bullish', 'momentum']",0.35,2026-04-20T16:54:07.449044+00:00
2bde5aca-457a-4ff9-aac5-c25bdc0d9d85,twitter,user_813,Strong demand drives GOOGL revenue growth.,"['GOOGL', 'bullish', 'revenue']",0.5,2026-04-20T16:54:08.450157+00:00
2f1c620c-c56e-44e8-b95f-b58651adcf25,bloomberg,user_452,AAPL stock hits 52-week high.,"['AAPL', 'bullish', 'momentum']",0.84,2026-04-20T16:54:09.451167+00:00
644036ce-56c7-4b9f-b3ef-37f0e5793b4c,twitter,user_448,AMZN faces regulatory scrutiny in EU.,"['AMZN', 'bearish', 'regulation']",-0.79,2026-04-20T16:54:10.452451+00:00
3bede1cb-5426-4882-9762-11436aede8c9,techcrunch,user_291,GOOGL earnings beat expectations this quarter!,"['GOOGL', 'bullish', 'earnings']",0.81,2026-04-20T16:54:11.453044+00:00
464e7c15-5e94-4620-b867-efdec4311233,twitter,user_862,CEO of GOOGL steps down unexpectedly.,"['GOOGL', 'bearish', 'management']",-0.75,2026-04-20T19:09:14.670795+00:00
3caa1ce8-0057-4ec9-87be-200d616532f2,techcrunch,user_778,Strong demand drives AMZN revenue growth.,"['AMZN', 'bullish', 'revenue']",0.39,2026-04-20T19:09:15.781271+00:00
82096a6c-f104-42b2-9bfa-248ee913ea63,reddit,user_876,Strong demand drives AAPL revenue growth.,"['AAPL', 'bullish', 'revenue']",0.78,2026-04-20T19:09:16.782323+00:00
e6cf4128-d1b7-4915-83fe-725058167840,reddit,user_470,CEO of GOOGL steps down unexpectedly.,"['GOOGL', 'bearish', 'management']",-0.37,2026-04-20T19:09:17.782951+00:00
e8154206-b2e9-4d69-91ca-ae0dd2a1d621,techcrunch,user_481,AAPL earnings beat expectations this quarter!,"['AAPL', 'bullish', 'earnings']",0.47,2026-04-20T19:09:18.783641+00:00
e7d8451b-c384-4150-a112-be1ec9aa1fdb,reddit,user_773,Strong demand drives MSFT revenue growth.,"['MSFT', 'bullish', 'revenue']",0.53,2026-04-20T19:09:19.784255+00:00
c65a8c4f-1d94-4d9f-830c-a3333622b517,bloomberg,user_657,Strong demand drives MSFT revenue growth.,"['MSFT', 'bullish', 'revenue']",0.4,2026-04-20T19:09:20.785033+00:00
f7aa2927-86f4-414b-905d-d0019862cf3e,reddit,user_965,CEO of AAPL steps down unexpectedly.,"['AAPL', 'bearish', 'management']",-0.34,2026-04-20T19:09:21.786052+00:00
d16a02a6-f0f6-4f45-9d27-5d4ceb588753,reddit,user_381,Strong demand drives GOOGL revenue growth.,"['GOOGL', 'bullish', 'revenue']",0.39,2026-04-20T19:09:22.787049+00:00
a2fb5d57-1d22-4de6-9ef6-df386c8881e8,reddit,user_140,TSLA faces regulatory scrutiny in EU.,"['TSLA', 'bearish', 'regulation']",-0.41,2026-04-20T19:09:23.788086+00:00
9956667b-ae26-4824-ae4d-2117bc87c6ba,bloomberg,user_130,GOOGL earnings beat expectations this quarter!,"['GOOGL', 'bullish', 'earnings']",0.79,2026-04-20T19:09:24.787639+00:00
d468a24e-beda-4b21-b37e-b7125e43e761,techcrunch,user_682,Strong demand drives TSLA revenue growth.,"['TSLA', 'bullish', 'revenue']",0.65,2026-04-20T19:09:25.788589+00:00
3a265fe1-7fff-4a85-8c09-0ba4c5a1423c,bloomberg,user_161,AAPL earnings beat expectations this quarter!,"['AAPL', 'bullish', 'earnings']",0.33,2026-04-20T19:09:26.789317+00:00
78e2c9ba-f27a-43d8-8708-ee9f612024bd,reddit,user_108,AMZN faces regulatory scrutiny in EU.,"['AMZN', 'bearish', 'regulation']",-0.3,2026-04-20T19:09:27.790295+00:00
c5d79653-9eb4-44c5-903f-3ce16560ddbc,reddit,user_974,Analysts downgrade MSFT amid market uncertainty.,"['MSFT', 'bearish', 'analyst']",-0.35,2026-04-20T19:09:28.791233+00:00
26221aef-7407-4e2d-aacb-0bc9a9d07536,techcrunch,user_820,Insider buying detected at MSFT.,"['MSFT', 'bullish', 'insider']",0.9,2026-04-20T19:09:29.792215+00:00
160976dc-3fe9-433f-9f46-4f26a5b947cf,twitter,user_374,CEO of AAPL steps down unexpectedly.,"['AAPL', 'bearish', 'management']",-0.84,2026-04-20T19:09:30.793299+00:00
e8674d6f-2a07-435a-9ed5-da9f735dd22b,techcrunch,user_687,AMZN earnings beat expectations this quarter!,"['AMZN', 'bullish', 'earnings']",0.45,2026-04-20T19:09:31.794297+00:00
51aff228-2a31-4cfb-87e0-e2c5d27236ac,techcrunch,user_357,TSLA faces regulatory scrutiny in EU.,"['TSLA', 'bearish', 'regulation']",-0.87,2026-04-21T04:08:24.920672+00:00
00d61912-9c38-4699-839b-f5a3cb8b75e9,reddit,user_560,TSLA faces regulatory scrutiny in EU.,"['TSLA', 'bearish', 'regulation']",-0.83,2026-04-21T04:08:26.130139+00:00
5c1f9a72-4058-402c-9f98-27639db2796c,bloomberg,user_279,Insider buying detected at GOOGL.,"['GOOGL', 'bullish', 'insider']",0.67,2026-04-21T04:08:27.131153+00:00
23c3bb85-2468-49d8-b241-abba71271108,bloomberg,user_592,Strong demand drives TSLA revenue growth.,"['TSLA', 'bullish', 'revenue']",0.38,2026-04-21T04:08:28.131742+00:00
22e79ce0-6034-4770-89c3-50edac137a82,techcrunch,user_410,Insider buying detected at TSLA.,"['TSLA', 'bullish', 'insider']",0.43,2026-04-21T04:08:29.132412+00:00
5d876d37-d716-44eb-aafc-4cc50bd45ac0,reddit,user_422,TSLA faces regulatory scrutiny in EU.,"['TSLA', 'bearish', 'regulation']",-0.64,2026-04-21T04:08:30.132911+00:00
4a4dc760-8475-4cf0-8af4-dfdbb65bf952,bloomberg,user_646,CEO of TSLA steps down unexpectedly.,"['TSLA', 'bearish', 'management']",-0.47,2026-04-21T04:08:31.133446+00:00
1ca65b22-f4a2-4169-a4e5-21cf06e675ed,twitter,user_926,MSFT stock hits 52-week high.,"['MSFT', 'bullish', 'momentum']",0.82,2026-04-21T04:08:32.134341+00:00
ba6c5ca9-dfa9-4d88-8baf-6b8134ce8393,bloomberg,user_352,TSLA stock hits 52-week high.,"['TSLA', 'bullish', 'momentum']",0.56,2026-04-21T04:08:33.134863+00:00
d64f7646-fa8b-4783-8f5f-15b8f2610e29,bloomberg,user_824,Strong demand drives MSFT revenue growth.,"['MSFT', 'bullish', 'revenue']",0.55,2026-04-21T04:08:34.133780+00:00
8bb5c098-5392-473b-bb2f-200bdb88deca,reddit,user_264,Insider buying detected at GOOGL.,"['GOOGL', 'bullish', 'insider']",0.79,2026-04-21T04:08:35.134750+00:00
0481a2e6-0cc0-4ff3-8794-59ad599b6288,twitter,user_996,AAPL stock hits 52-week high.,"['AAPL', 'bullish', 'momentum']",0.84,2026-04-21T04:08:36.135734+00:00
d50159cb-005d-417a-b96e-b6aa44d62714,twitter,user_903,Strong demand drives GOOGL revenue growth.,"['GOOGL', 'bullish', 'revenue']",0.44,2026-04-21T04:08:37.136264+00:00
23629c67-15b9-4365-8643-b640ca1b8a94,techcrunch,user_192,Breaking: AAPL announces new product line.,"['AAPL', 'bullish', 'product']",0.54,2026-04-21T04:08:38.137277+00:00
7f46f350-8db0-4063-890f-a14d3965a9b4,techcrunch,user_606,Strong demand drives TSLA revenue growth.,"['TSLA', 'bullish', 'revenue']",0.48,2026-04-21T04:08:39.138320+00:00
f08b90b1-6c83-4b70-b3d5-bf6aa5f2c1f5,techcrunch,user_762,CEO of AMZN steps down unexpectedly.,"['AMZN', 'bearish', 'management']",-0.38,2026-04-21T04:08:40.139044+00:00
c9b0f54c-982f-4799-a28f-265e01a0b2f2,reddit,user_137,MSFT faces regulatory scrutiny in EU.,"['MSFT', 'bearish', 'regulation']",-0.35,2026-04-21T04:08:41.139992+00:00
9923fb40-6032-4663-924e-e0fc6cc73251,techcrunch,user_744,Breaking: MSFT announces new product line.,"['MSFT', 'bullish', 'product']",0.78,2026-04-21T04:08:42.140958+00:00
e392f8e1-d7af-4065-a3f9-1f13508d2afb,techcrunch,user_503,CEO of AMZN steps down unexpectedly.,"['AMZN', 'bearish', 'management']",-0.48,2026-04-21T04:08:43.141942+00:00
64e98b3b-87d7-4d2b-aaf0-ad8f45c8303b,bloomberg,user_429,AMZN faces regulatory scrutiny in EU.,"['AMZN', 'bearish', 'regulation']",-0.49,2026-04-21T04:08:44.142883+00:00
504c3582-5988-4a8c-ac55-6be1f77f424e,reddit,user_978,GOOGL faces regulatory scrutiny in EU.,"['GOOGL', 'bearish', 'regulation']",-0.65,2026-04-21T04:08:45.143618+00:00
a6b35a65-da3d-4cf0-b922-0f6ce61c5dde,techcrunch,user_433,Insider buying detected at AAPL.,"['AAPL', 'bullish', 'insider']",0.72,2026-04-21T04:08:46.144718+00:00
38255bd0-e19b-497f-b32b-f7ad5a4676bb,techcrunch,user_819,GOOGL faces regulatory scrutiny in EU.,"['GOOGL', 'bearish', 'regulation']",-0.31,2026-04-21T04:08:47.145641+00:00
aee068d0-3ced-4be9-b84e-7165c7591ec5,twitter,user_619,Analysts downgrade MSFT amid market uncertainty.,"['MSFT', 'bearish', 'analyst']",-0.41,2026-04-21T04:08:48.146179+00:00
e0e822dc-4b45-4751-9549-75a9b2e2771f,reddit,user_909,AAPL faces regulatory scrutiny in EU.,"['AAPL', 'bearish', 'regulation']",-0.53,2026-04-21T04:08:49.147092+00:00
385378d9-4b9e-42b0-b371-60829c5f0c56,reddit,user_222,Insider buying detected at TSLA.,"['TSLA', 'bullish', 'insider']",0.62,2026-04-21T04:08:50.147791+00:00
8665c7b9-4171-4546-8c1c-09b633f83ac7,twitter,user_717,CEO of GOOGL steps down unexpectedly.,"['GOOGL', 'bearish', 'management']",-0.86,2026-04-21T04:08:51.148726+00:00
0f15844a-92aa-45dd-9ea2-9e4539a403aa,bloomberg,user_260,Analysts downgrade AMZN amid market uncertainty.,"['AMZN', 'bearish', 'analyst']",-0.48,2026-04-21T04:08:52.149189+00:00
140bfb8b-ce54-43be-affc-d0c5fe142376,reddit,user_552,CEO of MSFT steps down unexpectedly.,"['MSFT', 'bearish', 'management']",-0.36,2026-04-21T04:08:53.150097+00:00
4c13cbf3-6e27-487a-a544-5542c0607de2,reddit,user_859,AAPL stock hits 52-week high.,"['AAPL', 'bullish', 'momentum']",0.41,2026-04-21T04:08:54.150631+00:00
e91ac083-f4f1-44a4-bebb-d88a1ac2e78a,reddit,user_706,Strong demand drives TSLA revenue growth.,"['TSLA', 'bullish', 'revenue']",0.46,2026-04-21T04:08:55.151630+00:00
71763b14-0d99-4833-8925-ba54d02e0ed3,reddit,user_202,Analysts downgrade GOOGL amid market uncertainty.,"['GOOGL', 'bearish', 'analyst']",-0.4,2026-04-21T04:08:56.152750+00:00
6246bd0e-182d-45ff-b85c-159be31f04b0,twitter,user_884,Analysts downgrade AMZN amid market uncertainty.,"['AMZN', 'bearish', 'analyst']",-0.82,2026-04-21T04:08:57.153241+00:00
642cab60-b67d-40fd-a6b9-a0e3acef4224,reddit,user_450,AMZN faces regulatory scrutiny in EU.,"['AMZN', 'bearish', 'regulation']",-0.9,2026-04-21T04:08:58.153979+00:00
0d3e9b3b-186f-4f43-9de7-10bd5f167576,twitter,user_806,Breaking: AAPL announces new product line.,"['AAPL', 'bullish', 'product']",0.73,2026-04-21T04:08:59.154683+00:00
06c91374-7a48-4494-b4fb-7f05d11df383,techcrunch,user_890,Strong demand drives MSFT revenue growth.,"['MSFT', 'bullish', 'revenue']",0.49,2026-04-21T04:09:00.155491+00:00
f772ba6d-63a2-4318-8cfe-afe0ab0c7ffe,reddit,user_625,Insider buying detected at MSFT.,"['MSFT', 'bullish', 'insider']",0.44,2026-04-21T04:09:01.155925+00:00
fd7b8e73-27c4-4b02-b956-2e3ee27b2d8b,reddit,user_824,MSFT earnings beat expectations this quarter!,"['MSFT', 'bullish', 'earnings']",0.61,2026-04-21T04:09:02.156429+00:00
d7b96f59-33b4-4cb7-aaae-d29be57bb7d2,reddit,user_454,Analysts downgrade TSLA amid market uncertainty.,"['TSLA', 'bearish', 'analyst']",-0.66,2026-04-21T04:09:03.157150+00:00
583d208a-a0d8-449c-8a95-18c5f78b2335,twitter,user_128,Insider buying detected at MSFT.,"['MSFT', 'bullish', 'insider']",0.79,2026-04-21T04:09:04.155550+00:00
38ffdd42-8e4b-4c9c-b699-d3a9399d67aa,reddit,user_989,CEO of AAPL steps down unexpectedly.,"['AAPL', 'bearish', 'management']",-0.63,2026-04-21T04:09:05.156541+00:00
1fcabdd9-edc8-4318-9c1d-b7048ce6ec0e,reddit,user_113,Breaking: AAPL announces new product line.,"['AAPL', 'bullish', 'product']",0.64,2026-04-21T04:09:06.156912+00:00
247785ec-09d2-492c-be07-0a4a50ed5c09,bloomberg,user_971,Analysts downgrade MSFT amid market uncertainty.,"['MSFT', 'bearish', 'analyst']",-0.49,2026-04-21T04:09:07.157924+00:00
aca57cb8-5a65-4d44-ae34-1e22a18dd2e4,twitter,user_956,Breaking: AAPL announces new product line.,"['AAPL', 'bullish', 'product']",0.49,2026-04-21T04:09:08.159570+00:00
368f50c5-ff6f-4803-a887-fa75db96fcb0,bloomberg,user_776,Insider buying detected at GOOGL.,"['GOOGL', 'bullish', 'insider']",0.78,2026-04-21T04:09:09.160698+00:00
15fc4e0b-d3d9-4bc8-a20a-064ff8cd56c9,techcrunch,user_369,TSLA faces regulatory scrutiny in EU.,"['TSLA', 'bearish', 'regulation']",-0.56,2026-04-21T04:09:10.161514+00:00
fddb66ac-daef-419a-b9e3-a6f1b0e9cd8b,reddit,user_834,CEO of AAPL steps down unexpectedly.,"['AAPL', 'bearish', 'management']",-0.81,2026-04-21T04:09:11.162561+00:00
30fda28a-9914-4cc9-9684-880ee69adb07,twitter,user_319,AMZN faces regulatory scrutiny in EU.,"['AMZN', 'bearish', 'regulation']",-0.33,2026-04-21T04:09:12.162984+00:00
4358e4db-f368-4eb0-9044-bb6950eb0185,techcrunch,user_570,AMZN faces regulatory scrutiny in EU.,"['AMZN', 'bearish', 'regulation']",-0.79,2026-04-21T04:09:13.163782+00:00
108d816a-2c04-4c9d-a00b-79e5da159786,reddit,user_677,TSLA faces regulatory scrutiny in EU.,"['TSLA', 'bearish', 'regulation']",-0.38,2026-04-21T04:09:14.164530+00:00
3e2807d0-b8bc-4f65-a450-372a160f4218,twitter,user_784,Breaking: GOOGL announces new product line.,"['GOOGL', 'bullish', 'product']",0.31,2026-04-21T04:09:15.165310+00:00
52945c7b-8e6d-43b1-b979-4ab433e7f025,reddit,user_287,CEO of AAPL steps down unexpectedly.,"['AAPL', 'bearish', 'management']",-0.73,2026-04-21T04:09:16.166284+00:00
605981d6-711d-4fb5-ac1f-83efc0e2743a,techcrunch,user_657,AAPL earnings beat expectations this quarter!,"['AAPL', 'bullish', 'earnings']",0.5,2026-04-21T04:09:17.167142+00:00
c9c129d1-cb17-4504-a0e8-a353b9590d31,reddit,user_112,TSLA earnings beat expectations this quarter!,"['TSLA', 'bullish', 'earnings']",0.71,2026-04-21T04:09:18.167565+00:00
fee84a2c-8b38-4c09-a7e8-e9d4823c333e,bloomberg,user_144,CEO of AMZN steps down unexpectedly.,"['AMZN', 'bearish', 'management']",-0.52,2026-04-21T04:09:19.168558+00:00
7f25399a-a237-4860-865c-c43b4295a171,reddit,user_766,Analysts downgrade GOOGL amid market uncertainty.,"['GOOGL', 'bearish', 'analyst']",-0.87,2026-04-21T04:09:20.169425+00:00
fe6a7e1c-87f1-46fa-b027-fbeabc49bbf7,reddit,user_401,Analysts downgrade AMZN amid market uncertainty.,"['AMZN', 'bearish', 'analyst']",-0.7,2026-04-21T04:09:21.170406+00:00
7788c0d5-6f50-4c8c-a8ae-ba049ba45a93,techcrunch,user_259,AAPL stock hits 52-week high.,"['AAPL', 'bullish', 'momentum']",0.39,2026-04-21T04:09:22.171169+00:00
34cd5f63-0537-460a-891f-d62f6e5e23f3,reddit,user_834,TSLA faces regulatory scrutiny in EU.,"['TSLA', 'bearish', 'regulation']",-0.36,2026-04-21T04:09:23.172134+00:00
d503dbf8-6f06-4c9e-8df4-b6deb643e6ec,techcrunch,user_166,Insider buying detected at MSFT.,"['MSFT', 'bullish', 'insider']",0.72,2026-04-21T04:09:24.173258+00:00
6caeade0-6c1d-494e-a442-33865049347b,bloomberg,user_309,Breaking: MSFT announces new product line.,"['MSFT', 'bullish', 'product']",0.58,2026-04-21T04:09:25.174134+00:00
8e8acae0-08e7-4740-806c-914faba9a867,twitter,user_705,Strong demand drives AMZN revenue growth.,"['AMZN', 'bullish', 'revenue']",0.58,2026-04-21T04:09:26.175043+00:00
6be2a5d2-474d-4715-9fe1-9f8b4c5c883a,bloomberg,user_124,MSFT stock hits 52-week high.,"['MSFT', 'bullish', 'momentum']",0.63,2026-04-21T04:09:27.175985+00:00
06963a4d-2848-4a30-9e4c-7b7898f481cd,bloomberg,user_641,AMZN stock hits 52-week high.,"['AMZN', 'bullish', 'momentum']",0.74,2026-04-21T04:09:28.176913+00:00
65a5245d-3187-46e4-8478-02710a8c7aba,techcrunch,user_681,Insider buying detected at TSLA.,"['TSLA', 'bullish', 'insider']",0.61,2026-04-21T04:09:29.178004+00:00
800414a2-04aa-42ce-8c00-776c5e9688b2,reddit,user_162,Insider buying detected at TSLA.,"['TSLA', 'bullish', 'insider']",0.73,2026-04-21T04:09:30.178924+00:00
de7ba2ae-983b-4daa-982d-49465a3031a6,techcrunch,user_352,AAPL stock hits 52-week high.,"['AAPL', 'bullish', 'momentum']",0.5,2026-04-21T04:09:31.179357+00:00
20a02cf3-263f-4f05-8891-6c6a7a10dac9,twitter,user_478,MSFT earnings beat expectations this quarter!,"['MSFT', 'bullish', 'earnings']",0.57,2026-04-21T04:09:32.179813+00:00
b7756eb4-ab59-4350-ba43-50eaf874bc23,reddit,user_421,Insider buying detected at AMZN.,"['AMZN', 'bullish', 'insider']",0.84,2026-04-21T04:09:33.180744+00:00
1954ba87-c11f-4910-affd-0f89f80babd9,twitter,user_231,Analysts downgrade AAPL amid market uncertainty.,"['AAPL', 'bearish', 'analyst']",-0.75,2026-04-21T04:09:34.179611+00:00
685f0f66-7c17-4078-b385-a223ce5f8fce,twitter,user_687,AMZN stock hits 52-week high.,"['AMZN', 'bullish', 'momentum']",0.76,2026-04-21T04:09:35.180537+00:00
2a490a16-8946-4dc0-85f8-e1e85d6cede5,reddit,user_452,MSFT stock hits 52-week high.,"['MSFT', 'bullish', 'momentum']",0.68,2026-04-21T04:09:36.181016+00:00
e69feda4-c5ab-4a10-8e4d-3a03f2371b98,twitter,user_240,Insider buying detected at MSFT.,"['MSFT', 'bullish', 'insider']",0.32,2026-04-21T04:09:37.181497+00:00
275c51a8-e802-47e6-accb-16e2abdf938b,bloomberg,user_981,TSLA earnings beat expectations this quarter!,"['TSLA', 'bullish', 'earnings']",0.35,2026-04-21T04:09:38.182181+00:00
be3f3cc1-1b34-46f3-980c-ab8f804ddd79,reddit,user_584,Analysts downgrade TSLA amid market uncertainty.,"['TSLA', 'bearish', 'analyst']",-0.46,2026-04-21T04:09:39.182645+00:00
ea07c5a4-34c1-4251-9600-acf5146f9341,reddit,user_865,AMZN earnings beat expectations this quarter!,"['AMZN', 'bullish', 'earnings']",0.72,2026-04-21T04:09:40.183153+00:00
8668faf5-6d2c-4617-aef5-67b29c3b296f,techcrunch,user_537,Analysts downgrade GOOGL amid market uncertainty.,"['GOOGL', 'bearish', 'analyst']",-0.53,2026-04-21T04:09:41.184099+00:00
bff4359e-fefc-4fb5-b77c-edc817388ad6,techcrunch,user_740,AMZN faces regulatory scrutiny in EU.,"['AMZN', 'bearish', 'regulation']",-0.49,2026-04-21T04:09:42.185044+00:00
cba957f6-8d4f-4684-991d-a6a097879e80,twitter,user_999,AMZN stock hits 52-week high.,"['AMZN', 'bullish', 'momentum']",0.77,2026-04-21T04:09:43.186110+00:00
a0430785-9ad9-4dca-a3e5-5832abde7faf,bloomberg,user_459,CEO of AMZN steps down unexpectedly.,"['AMZN', 'bearish', 'management']",-0.36,2026-04-21T04:09:44.187068+00:00
1875f277-f88f-4dc1-852b-d43da38e3010,twitter,user_621,Insider buying detected at AAPL.,"['AAPL', 'bullish', 'insider']",0.72,2026-04-21T04:09:45.187792+00:00
9db6447f-4f87-4b45-88bc-788b38b74f41,reddit,user_695,CEO of TSLA steps down unexpectedly.,"['TSLA', 'bearish', 'management']",-0.82,2026-04-21T04:09:46.188683+00:00
44337e16-52f5-4ce8-b300-6b5e0418d61d,techcrunch,user_134,AMZN stock hits 52-week high.,"['AMZN', 'bullish', 'momentum']",0.59,2026-04-21T04:09:47.189124+00:00
e25b3ba8-0c7f-4f12-ab60-ed9707aa3ef2,bloomberg,user_575,Analysts downgrade AMZN amid market uncertainty.,"['AMZN', 'bearish', 'analyst']",-0.55,2026-04-21T04:09:48.189943+00:00
c8a96213-d312-47ab-b856-3b4490bd8072,twitter,user_303,CEO of TSLA steps down unexpectedly.,"['TSLA', 'bearish', 'management']",-0.38,2026-04-21T04:09:49.190837+00:00
1311b17e-802e-43de-9f28-75f0c8e94e75,reddit,user_354,CEO of TSLA steps down unexpectedly.,"['TSLA', 'bearish', 'management']",-0.37,2026-04-21T04:09:50.191676+00:00
86270bfc-f262-4bcd-baf7-61f55644544f,reddit,user_453,Analysts downgrade TSLA amid market uncertainty.,"['TSLA', 'bearish', 'analyst']",-0.74,2026-04-21T04:09:51.192132+00:00
9afd5744-8983-4aeb-8792-f1cf3aa55d6a,bloomberg,user_129,Breaking: TSLA announces new product line.,"['TSLA', 'bullish', 'product']",0.76,2026-04-21T04:09:52.192492+00:00
a7fb85d8-0281-48eb-9e73-00e3c0be6167,twitter,user_843,Insider buying detected at TSLA.,"['TSLA', 'bullish', 'insider']",0.48,2026-04-21T04:09:53.192973+00:00
5c8bd4b3-77e6-4dc0-b457-34402c1ebff3,twitter,user_986,AAPL faces regulatory scrutiny in EU.,"['AAPL', 'bearish', 'regulation']",-0.31,2026-04-21T04:09:54.193467+00:00
edec5acd-89f3-4352-a60b-dde8128f083f,reddit,user_370,Strong demand drives MSFT revenue growth.,"['MSFT', 'bullish', 'revenue']",0.6,2026-04-21T04:09:55.193908+00:00
342a7d43-2bc6-42b2-88be-14ea6b9d1e9f,techcrunch,user_762,Strong demand drives MSFT revenue growth.,"['MSFT', 'bullish', 'revenue']",0.87,2026-04-21T04:09:56.194830+00:00
d05b6df1-6c1c-44f7-9d4a-1eff0a7c1733,twitter,user_666,CEO of TSLA steps down unexpectedly.,"['TSLA', 'bearish', 'management']",-0.8,2026-04-21T04:09:57.195290+00:00
1918baee-92b6-44b8-ae99-5ac94d87aabd,bloomberg,user_183,MSFT stock hits 52-week high.,"['MSFT', 'bullish', 'momentum']",0.71,2026-04-21T04:09:58.196017+00:00
35f3634c-6b1d-4a13-a261-3f27a19cd104,reddit,user_265,Breaking: GOOGL announces new product line.,"['GOOGL', 'bullish', 'product']",0.6,2026-04-21T04:09:59.196464+00:00
2d4c5cda-bf11-42df-a256-4f907e2385d9,reddit,user_189,Analysts downgrade MSFT amid market uncertainty.,"['MSFT', 'bearish', 'analyst']",-0.61,2026-04-21T04:10:00.197357+00:00
fb1c2399-e2d9-4232-83ec-8fb9210ecbd3,twitter,user_440,Analysts downgrade TSLA amid market uncertainty.,"['TSLA', 'bearish', 'analyst']",-0.39,2026-04-21T04:10:01.198265+00:00
5a32a0b8-ad57-4103-8d3b-639ba3f92259,bloomberg,user_924,MSFT stock hits 52-week high.,"['MSFT', 'bullish', 'momentum']",0.68,2026-04-21T04:10:02.199124+00:00
7afc9fdc-c124-46f0-bc56-3d110cb4a7f8,techcrunch,user_879,Breaking: TSLA announces new product line.,"['TSLA', 'bullish', 'product']",0.4,2026-04-21T04:10:03.200180+00:00
26dc932d-6341-4777-8016-a8d67c3d2dce,twitter,user_646,MSFT stock hits 52-week high.,"['MSFT', 'bullish', 'momentum']",0.33,2026-04-21T04:10:04.198915+00:00
9275fe76-1591-499a-8f83-0600ac2902c1,bloomberg,user_135,Strong demand drives AMZN revenue growth.,"['AMZN', 'bullish', 'revenue']",0.68,2026-04-21T04:10:05.199887+00:00
d34347b7-034d-46ca-a980-45c89260dc6d,techcrunch,user_931,AAPL stock hits 52-week high.,"['AAPL', 'bullish', 'momentum']",0.39,2026-04-21T04:10:06.200655+00:00
14633e23-5e11-44ff-b7e8-d5395043c32a,techcrunch,user_242,AAPL faces regulatory scrutiny in EU.,"['AAPL', 'bearish', 'regulation']",-0.39,2026-04-21T04:10:07.201173+00:00
d6a3e465-02a5-4ffd-bcaa-e5ccd70ad959,twitter,user_246,AMZN stock hits 52-week high.,"['AMZN', 'bullish', 'momentum']",0.41,2026-04-21T04:10:08.202105+00:00
9575b007-6000-40b7-8ffa-b8aec0950174,techcrunch,user_484,AMZN stock hits 52-week high.,"['AMZN', 'bullish', 'momentum']",0.32,2026-04-21T04:10:09.203080+00:00
bc423e5c-e8e5-441b-9b36-d8e0f0b03604,techcrunch,user_166,MSFT stock hits 52-week high.,"['MSFT', 'bullish', 'momentum']",0.54,2026-04-21T04:10:10.203913+00:00
04722df9-c80a-43af-82fc-381cd1430b78,bloomberg,user_735,Strong demand drives GOOGL revenue growth.,"['GOOGL', 'bullish', 'revenue']",0.3,2026-04-21T04:10:11.204756+00:00
8214eda6-e98b-425d-8a0a-d73bc037b192,bloomberg,user_189,CEO of TSLA steps down unexpectedly.,"['TSLA', 'bearish', 'management']",-0.83,2026-04-21T04:10:12.205172+00:00
145f7722-dc6d-45eb-8c88-76c12b5a0e02,bloomberg,user_679,Insider buying detected at TSLA.,"['TSLA', 'bullish', 'insider']",0.83,2026-04-21T04:10:13.205612+00:00
ffd12773-3c0a-4308-8d75-2c387b966d30,bloomberg,user_499,Analysts downgrade AMZN amid market uncertainty.,"['AMZN', 'bearish', 'analyst']",-0.49,2026-04-21T04:10:14.206318+00:00
c62edb99-3074-476b-be8c-eea52a48d1f6,bloomberg,user_475,GOOGL earnings beat expectations this quarter!,"['GOOGL', 'bullish', 'earnings']",0.6,2026-04-21T04:10:15.207179+00:00
47681fdf-b1cf-4a6e-bcec-2d3d701aac93,reddit,user_660,CEO of AMZN steps down unexpectedly.,"['AMZN', 'bearish', 'management']",-0.59,2026-04-21T04:10:16.207761+00:00
0d4b62e7-6659-42c0-8d4d-1284b14fb723,reddit,user_913,Strong demand drives AAPL revenue growth.,"['AAPL', 'bullish', 'revenue']",0.72,2026-04-21T04:10:17.208732+00:00
a545e179-a9a3-4344-bf45-d666bc009a57,reddit,user_993,GOOGL stock hits 52-week high.,"['GOOGL', 'bullish', 'momentum']",0.6,2026-04-21T04:10:18.209725+00:00
a0d8cbaf-9875-46e0-b407-02532c2bed4c,techcrunch,user_703,Analysts downgrade MSFT amid market uncertainty.,"['MSFT', 'bearish', 'analyst']",-0.47,2026-04-21T04:10:19.210548+00:00
5a0e801b-ed2f-4cc5-951c-f1640f022b52,bloomberg,user_632,Strong demand drives AMZN revenue growth.,"['AMZN', 'bullish', 'revenue']",0.3,2026-04-21T04:10:20.211257+00:00
ed9bb742-4a38-4106-9620-420cafc5b0de,twitter,user_847,GOOGL faces regulatory scrutiny in EU.,"['GOOGL', 'bearish', 'regulation']",-0.52,2026-04-21T04:10:21.212031+00:00
fb67a6a9-fb19-4a63-ba0d-7a1117c89df4,bloomberg,user_150,Strong demand drives GOOGL revenue growth.,"['GOOGL', 'bullish', 'revenue']",0.85,2026-04-21T04:10:22.212507+00:00
da4f0872-33b2-4f92-b625-aded8efabf6e,reddit,user_254,CEO of MSFT steps down unexpectedly.,"['MSFT', 'bearish', 'management']",-0.73,2026-04-21T04:10:23.212956+00:00
0c2a0da0-4f39-4dec-a72e-007c0ba52b82,techcrunch,user_463,GOOGL stock hits 52-week high.,"['GOOGL', 'bullish', 'momentum']",0.78,2026-04-21T04:10:24.213831+00:00
317cfe79-a35e-4c2d-acb1-bdfe58788fd5,techcrunch,user_961,GOOGL faces regulatory scrutiny in EU.,"['GOOGL', 'bearish', 'regulation']",-0.77,2026-04-21T04:10:25.214710+00:00
299cf457-5204-4c7b-8461-a8a7897f0c82,twitter,user_178,CEO of MSFT steps down unexpectedly.,"['MSFT', 'bearish', 'management']",-0.35,2026-04-21T04:10:26.215543+00:00
57359a79-21a2-4468-a68d-136a227af32e,bloomberg,user_349,Insider buying detected at AAPL.,"['AAPL', 'bullish', 'insider']",0.77,2026-04-21T04:10:27.216424+00:00
00c1fdde-c7bb-4ebd-b185-5c54426d85b9,techcrunch,user_997,MSFT faces regulatory scrutiny in EU.,"['MSFT', 'bearish', 'regulation']",-0.45,2026-04-21T04:10:28.217306+00:00
69c41502-e6a2-43f4-8861-5cea8ed3d017,reddit,user_583,Breaking: GOOGL announces new product line.,"['GOOGL', 'bullish', 'product']",0.51,2026-04-21T04:10:29.218146+00:00
fb2eec35-0e63-42dd-8c73-d536d2f5b30b,reddit,user_256,Strong demand drives GOOGL revenue growth.,"['GOOGL', 'bullish', 'revenue']",0.36,2026-04-21T04:10:30.219049+00:00
a8f5a765-a4dc-43ba-8775-7da209d39767,bloomberg,user_821,Breaking: MSFT announces new product line.,"['MSFT', 'bullish', 'product']",0.52,2026-04-21T04:10:31.219848+00:00
113f63cb-95e7-4080-9491-5a92c8c5ea3d,bloomberg,user_277,MSFT stock hits 52-week high.,"['MSFT', 'bullish', 'momentum']",0.85,2026-04-21T04:10:32.220819+00:00
16cdd0ed-f639-4d7d-8523-259eb07a4daf,techcrunch,user_914,CEO of MSFT steps down unexpectedly.,"['MSFT', 'bearish', 'management']",-0.83,2026-04-21T04:10:33.221706+00:00
c7051f95-b67b-452f-be36-b8291fdc09df,twitter,user_640,AAPL faces regulatory scrutiny in EU.,"['AAPL', 'bearish', 'regulation']",-0.52,2026-04-21T04:10:34.220361+00:00
e9178d2c-cef5-4260-81d7-73ebf02916fa,bloomberg,user_991,AAPL earnings beat expectations this quarter!,"['AAPL', 'bullish', 'earnings']",0.68,2026-04-21T04:10:35.221335+00:00
3516f419-7872-4d80-bce4-b4ddabb7dcf8,bloomberg,user_465,Insider buying detected at MSFT.,"['MSFT', 'bullish', 'insider']",0.46,2026-04-21T04:10:36.221810+00:00
9e91c0fd-7a8b-4906-a25a-41ac0eb41200,twitter,user_467,Insider buying detected at GOOGL.,"['GOOGL', 'bullish', 'insider']",0.76,2026-04-21T04:10:37.222252+00:00
25b8b69d-2b65-4d03-9dfd-dad933292859,techcrunch,user_156,MSFT faces regulatory scrutiny in EU.,"['MSFT', 'bearish', 'regulation']",-0.8,2026-04-21T04:10:38.223282+00:00
f90e511f-c1e1-4ccc-a05a-9269a3338793,bloomberg,user_122,CEO of GOOGL steps down unexpectedly.,"['GOOGL', 'bearish', 'management']",-0.48,2026-04-21T04:10:39.224229+00:00
cc4a1a73-eed3-4fda-a9dd-07bedec995e2,reddit,user_591,AMZN earnings beat expectations this quarter!,"['AMZN', 'bullish', 'earnings']",0.38,2026-04-21T04:10:40.224707+00:00
04934506-a190-4033-94fd-b84783f2bcf2,techcrunch,user_680,Analysts downgrade MSFT amid market uncertainty.,"['MSFT', 'bearish', 'analyst']",-0.82,2026-04-21T04:10:41.225629+00:00
b78bc092-f69d-4738-9d7f-e22e60a5dd7c,techcrunch,user_574,Breaking: AAPL announces new product line.,"['AAPL', 'bullish', 'product']",0.84,2026-04-21T04:10:42.226168+00:00
cad4826f-3fc3-4aae-ba2d-fc4b6e287aa5,reddit,user_690,AMZN earnings beat expectations this quarter!,"['AMZN', 'bullish', 'earnings']",0.66,2026-04-21T04:10:43.226967+00:00
16a1749d-aa6d-4131-a3b3-39e0b107ffff,techcrunch,user_523,CEO of GOOGL steps down unexpectedly.,"['GOOGL', 'bearish', 'management']",-0.69,2026-04-21T04:10:44.227850+00:00
63f295b6-a71f-44df-99f0-a4ad94ae3d1d,twitter,user_822,CEO of TSLA steps down unexpectedly.,"['TSLA', 'bearish', 'management']",-0.31,2026-04-21T04:10:45.229705+00:00
46b9dc18-fe7b-48e9-8192-09aca87c9f7e,techcrunch,user_141,Analysts downgrade TSLA amid market uncertainty.,"['TSLA', 'bearish', 'analyst']",-0.43,2026-04-21T04:10:46.230240+00:00
78638222-83a3-4a5a-b5a4-76c968a3d888,techcrunch,user_465,CEO of AMZN steps down unexpectedly.,"['AMZN', 'bearish', 'management']",-0.65,2026-04-21T04:10:47.231163+00:00
3ac91351-83b9-49bb-b89c-c6bc6bbd16e5,reddit,user_812,Insider buying detected at TSLA.,"['TSLA', 'bullish', 'insider']",0.89,2026-04-21T04:10:48.232205+00:00
187e2d13-8d5c-4c1d-8fa9-f67f4da2da6f,twitter,user_209,TSLA stock hits 52-week high.,"['TSLA', 'bullish', 'momentum']",0.55,2026-04-21T04:10:49.233243+00:00
c678aec4-0c01-4dfe-8579-74c7ae9e30e2,twitter,user_194,Breaking: AAPL announces new product line.,"['AAPL', 'bullish', 'product']",0.76,2026-04-21T04:10:50.233724+00:00
5878a119-2884-44d1-a104-65d3f3496a1a,techcrunch,user_326,Strong demand drives AAPL revenue growth.,"['AAPL', 'bullish', 'revenue']",0.4,2026-04-21T04:10:51.234484+00:00
fd2a6893-a771-43ef-8981-2c5d9bf4c86e,reddit,user_295,Analysts downgrade MSFT amid market uncertainty.,"['MSFT', 'bearish', 'analyst']",-0.7,2026-04-21T04:10:52.235450+00:00
01aee828-538c-4987-8a46-db1f23d67f20,bloomberg,user_169,Analysts downgrade AAPL amid market uncertainty.,"['AAPL', 'bearish', 'analyst']",-0.52,2026-04-21T04:10:53.236261+00:00
e6822560-ab0b-44d6-bfdd-b6dde628795b,reddit,user_845,GOOGL faces regulatory scrutiny in EU.,"['GOOGL', 'bearish', 'regulation']",-0.81,2026-04-21T04:10:54.237182+00:00
cc213b86-3c1c-4e30-b27f-3a42959d8666,bloomberg,user_553,CEO of TSLA steps down unexpectedly.,"['TSLA', 'bearish', 'management']",-0.59,2026-04-21T04:10:55.237673+00:00
60c64ff7-a588-4833-898a-4d5a8bd0f6ec,techcrunch,user_672,Analysts downgrade MSFT amid market uncertainty.,"['MSFT', 'bearish', 'analyst']",-0.74,2026-04-21T04:10:56.238663+00:00
94b6fbd4-20cf-41f0-8eae-8fa7493e77d4,bloomberg,user_401,MSFT stock hits 52-week high.,"['MSFT', 'bullish', 'momentum']",0.8,2026-04-21T04:10:57.240215+00:00
c9cb9c92-6994-4a17-8368-ce531aff3af9,techcrunch,user_159,Insider buying detected at AAPL.,"['AAPL', 'bullish', 'insider']",0.69,2026-04-21T04:10:58.241028+00:00
e139d097-70c3-4750-8248-ce629c0eb9c0,twitter,user_338,Analysts downgrade TSLA amid market uncertainty.,"['TSLA', 'bearish', 'analyst']",-0.7,2026-04-21T04:10:59.242025+00:00
55bc5464-004a-4595-9c61-b145136e245d,techcrunch,user_695,AMZN faces regulatory scrutiny in EU.,"['AMZN', 'bearish', 'regulation']",-0.44,2026-04-21T04:11:00.242888+00:00
9a9d5b20-40e1-4069-ab0d-429e3fa6d15e,bloomberg,user_450,Breaking: TSLA announces new product line.,"['TSLA', 'bullish', 'product']",0.68,2026-04-21T04:11:01.243910+00:00
b71d3a72-08cc-4bb2-ac94-c0c2efaecd79,techcrunch,user_551,Breaking: MSFT announces new product line.,"['MSFT', 'bullish', 'product']",0.68,2026-04-21T04:11:02.244882+00:00
3ad567dc-db03-4669-b520-eaf319878805,twitter,user_800,Strong demand drives MSFT revenue growth.,"['MSFT', 'bullish', 'revenue']",0.32,2026-04-21T04:11:03.246041+00:00
d63a2ce6-1ad9-4f86-bb6c-ad57ffbde70f,twitter,user_884,Insider buying detected at AAPL.,"['AAPL', 'bullish', 'insider']",0.69,2026-04-21T04:11:04.244653+00:00
6cfac1bb-28d1-455d-9036-7e3158b626fc,bloomberg,user_848,Insider buying detected at MSFT.,"['MSFT', 'bullish', 'insider']",0.82,2026-04-21T04:11:05.245386+00:00
8be242f6-1234-48ac-aa70-aaa981fa0602,twitter,user_757,TSLA earnings beat expectations this quarter!,"['TSLA', 'bullish', 'earnings']",0.35,2026-04-21T04:11:06.246309+00:00
fe8ed0de-5cac-455e-b60b-6818d75f8242,twitter,user_500,GOOGL stock hits 52-week high.,"['GOOGL', 'bullish', 'momentum']",0.77,2026-04-21T04:11:07.247364+00:00
8023e4e4-ed31-4603-954f-69840111daf6,reddit,user_953,Strong demand drives TSLA revenue growth.,"['TSLA', 'bullish', 'revenue']",0.66,2026-04-21T04:11:08.248093+00:00
ce98bde5-d905-4979-a49d-9e706c07033d,bloomberg,user_345,CEO of AMZN steps down unexpectedly.,"['AMZN', 'bearish', 'management']",-0.69,2026-04-21T04:11:09.248964+00:00
bf397200-7cdd-41b4-a159-804dfc963a8e,twitter,user_912,Insider buying detected at AAPL.,"['AAPL', 'bullish', 'insider']",0.54,2026-04-21T04:11:10.249489+00:00
f283ec14-3c7e-4ed9-bdec-f52f7492f87d,reddit,user_950,AMZN stock hits 52-week high.,"['AMZN', 'bullish', 'momentum']",0.36,2026-04-21T04:11:11.250540+00:00
